time_s,voltage_V,current_A
+0.000000E+00,+3.431922E+00,-1.076782E+00
+4.120000E-02,+3.431753E+00,-1.076785E+00
+8.250000E-02,+3.431619E+00,-1.076781E+00
+1.237000E-01,+3.431509E+00,-1.076777E+00
+1.650000E-01,+3.431397E+00,-1.076777E+00
+2.062000E-01,+3.431285E+00,-1.076818E+00
+2.475000E-01,+3.431190E+00,-1.076804E+00
+2.887000E-01,+3.431098E+00,-1.076812E+00
+3.299000E-01,+3.431003E+00,-1.076827E+00
+3.711000E-01,+3.430912E+00,-1.076825E+00
+4.124000E-01,+3.430836E+00,-1.076802E+00
+4.536000E-01,+3.430756E+00,-1.076798E+00
+4.948000E-01,+3.430663E+00,-1.076794E+00
+5.361000E-01,+3.430589E+00,-1.076833E+00
+5.773000E-01,+3.430500E+00,-1.076833E+00
+6.185000E-01,+3.430419E+00,-1.076823E+00
+6.598000E-01,+3.430351E+00,-1.076813E+00
+7.010000E-01,+3.430284E+00,-1.076815E+00
+7.422000E-01,+3.430212E+00,-1.076798E+00
+7.835000E-01,+3.430144E+00,-1.076788E+00
+8.247000E-01,+3.430079E+00,-1.076784E+00
+8.659000E-01,+3.430011E+00,-1.076796E+00
+9.072000E-01,+3.429937E+00,-1.076774E+00
+9.484000E-01,+3.429884E+00,-1.076798E+00
+9.896000E-01,+3.429806E+00,-1.076810E+00
+1.030900E+00,+3.429744E+00,-1.076778E+00
+1.072100E+00,+3.429689E+00,-1.076748E+00
+1.113300E+00,+3.429622E+00,-1.076731E+00
+1.154600E+00,+3.429565E+00,-1.076722E+00
+1.195800E+00,+3.429501E+00,-1.076732E+00
+1.237000E+00,+3.429431E+00,-1.076756E+00
+1.278300E+00,+3.429380E+00,-1.076725E+00
+1.319500E+00,+3.429319E+00,-1.076724E+00
+1.360700E+00,+3.429270E+00,-1.076738E+00
+1.402000E+00,+3.429207E+00,-1.076728E+00
+1.443200E+00,+3.429162E+00,-1.076721E+00
+1.484400E+00,+3.429112E+00,-1.076717E+00
+1.525700E+00,+3.429040E+00,-1.076712E+00
+1.566900E+00,+3.428989E+00,-1.076704E+00
+1.608100E+00,+3.428938E+00,-1.076684E+00
+1.649400E+00,+3.428885E+00,-1.076681E+00
+1.690600E+00,+3.428843E+00,-1.076668E+00
+1.731800E+00,+3.428788E+00,-1.076639E+00
+1.773100E+00,+3.428748E+00,-1.076627E+00
+1.814300E+00,+3.428680E+00,-1.076618E+00
+1.855600E+00,+3.428631E+00,-1.076615E+00
+1.896800E+00,+3.428585E+00,-1.076581E+00
+1.938000E+00,+3.428538E+00,-1.076573E+00
+1.979300E+00,+3.428488E+00,-1.076564E+00
+2.020500E+00,+3.428456E+00,-1.076555E+00
+2.061700E+00,+3.428396E+00,-1.076540E+00
+2.102900E+00,+3.428361E+00,-1.076541E+00
+2.144200E+00,+3.428304E+00,-1.076523E+00
+2.185400E+00,+3.428272E+00,-1.076512E+00
+2.226700E+00,+3.428223E+00,-1.076507E+00
+2.267900E+00,+3.428168E+00,-1.076505E+00
+2.309100E+00,+3.428142E+00,-1.076499E+00
+2.350400E+00,+3.428081E+00,-1.076506E+00
+2.391600E+00,+3.428028E+00,-1.076497E+00
+2.432800E+00,+3.427992E+00,-1.076477E+00
+2.474100E+00,+3.427939E+00,-1.076461E+00
+2.515300E+00,+3.427899E+00,-1.076465E+00
+2.556500E+00,+3.427859E+00,-1.076437E+00
+2.597800E+00,+3.427814E+00,-1.076440E+00
+2.639000E+00,+3.427768E+00,-1.076440E+00
+2.680200E+00,+3.427734E+00,-1.076395E+00
+2.721500E+00,+3.427698E+00,-1.076361E+00
+2.762700E+00,+3.427650E+00,-1.076348E+00
+2.804000E+00,+3.427618E+00,-1.076350E+00
+2.845200E+00,+3.427592E+00,-1.076352E+00
+2.886400E+00,+3.427538E+00,-1.076329E+00
+2.927600E+00,+3.427495E+00,-1.076308E+00
+2.968900E+00,+3.427452E+00,-1.076308E+00
+3.010100E+00,+3.427410E+00,-1.076303E+00
+3.051300E+00,+3.427387E+00,-1.076275E+00
+3.092600E+00,+3.427336E+00,-1.076245E+00
+3.133800E+00,+3.427298E+00,-1.076226E+00
+3.175000E+00,+3.427265E+00,-1.076215E+00
+3.216200E+00,+3.427224E+00,-1.076192E+00
+3.257500E+00,+3.427184E+00,-1.076174E+00
+3.298700E+00,+3.427150E+00,-1.076152E+00
+3.339900E+00,+3.427114E+00,-1.076141E+00
+3.381100E+00,+3.427072E+00,-1.076122E+00
+3.422300E+00,+3.427028E+00,-1.076090E+00
+3.463500E+00,+3.427004E+00,-1.076080E+00
+3.504700E+00,+3.426972E+00,-1.076059E+00
+3.545900E+00,+3.426924E+00,-1.076040E+00
+3.587200E+00,+3.426881E+00,-1.076046E+00
+3.628400E+00,+3.426866E+00,-1.076034E+00
+3.669600E+00,+3.426827E+00,-1.076013E+00
+3.710800E+00,+3.426784E+00,-1.075968E+00
+3.751800E+00,+3.426758E+00,-1.075947E+00
+3.793000E+00,+3.426722E+00,-1.075945E+00
+3.834200E+00,+3.426674E+00,-1.075929E+00
+3.875400E+00,+3.426642E+00,-1.075921E+00
+3.916600E+00,+3.426602E+00,-1.075912E+00
+3.957800E+00,+3.426574E+00,-1.075914E+00
+3.999100E+00,+3.426536E+00,-1.075896E+00
+4.040300E+00,+3.426502E+00,-1.075863E+00
+4.081500E+00,+3.426473E+00,-1.075858E+00
+4.122700E+00,+3.426446E+00,-1.075841E+00
+4.163900E+00,+3.426418E+00,-1.075825E+00
+4.205100E+00,+3.426380E+00,-1.075824E+00
+4.246300E+00,+3.426335E+00,-1.075808E+00
+4.287500E+00,+3.426317E+00,-1.075786E+00
+4.328800E+00,+3.426274E+00,-1.075775E+00
+4.370000E+00,+3.426232E+00,-1.075735E+00
+4.411200E+00,+3.426204E+00,-1.075704E+00
+4.452400E+00,+3.426191E+00,-1.075662E+00
+4.493600E+00,+3.426152E+00,-1.075658E+00
+4.534900E+00,+3.426124E+00,-1.075618E+00
+4.576100E+00,+3.426100E+00,-1.075536E+00
+4.617300E+00,+3.426052E+00,-1.075606E+00
+4.658500E+00,+3.426022E+00,-1.075583E+00
+4.699800E+00,+3.426007E+00,-1.075548E+00
+4.741000E+00,+3.425963E+00,-1.075516E+00
+4.782200E+00,+3.425933E+00,-1.075488E+00
+4.823500E+00,+3.425900E+00,-1.075448E+00
+4.864700E+00,+3.425881E+00,-1.075437E+00
+4.906000E+00,+3.425851E+00,-1.075411E+00
+4.947200E+00,+3.425824E+00,-1.075383E+00
+4.988400E+00,+3.425787E+00,-1.075370E+00
+5.029700E+00,+3.425752E+00,-1.075340E+00
+5.070900E+00,+3.425719E+00,-1.075309E+00
+5.112100E+00,+3.425701E+00,-1.075272E+00
+5.153300E+00,+3.425658E+00,-1.075270E+00
+5.194600E+00,+3.425644E+00,-1.075269E+00
+5.235800E+00,+3.425606E+00,-1.075246E+00
+5.277000E+00,+3.425569E+00,-1.075226E+00
+5.318300E+00,+3.425551E+00,-1.075207E+00
+5.359500E+00,+3.425515E+00,-1.075213E+00
+5.400700E+00,+3.425493E+00,-1.075182E+00
+5.441900E+00,+3.425461E+00,-1.075155E+00
+5.483200E+00,+3.425430E+00,-1.075169E+00
+5.524400E+00,+3.425396E+00,-1.075146E+00
+5.565700E+00,+3.425366E+00,-1.075139E+00
+5.606900E+00,+3.425335E+00,-1.075132E+00
+5.648200E+00,+3.425314E+00,-1.075119E+00
+5.689400E+00,+3.425282E+00,-1.075097E+00
+5.730600E+00,+3.425248E+00,-1.075083E+00
+5.771800E+00,+3.425225E+00,-1.075042E+00
+5.813100E+00,+3.425195E+00,-1.075042E+00
+5.854300E+00,+3.425169E+00,-1.075038E+00
+5.895500E+00,+3.425119E+00,-1.075033E+00
+5.936800E+00,+3.425102E+00,-1.075021E+00
+5.978000E+00,+3.425083E+00,-1.074999E+00
+6.019200E+00,+3.425041E+00,-1.074996E+00
+6.060400E+00,+3.425017E+00,-1.074965E+00
+6.101700E+00,+3.424989E+00,-1.074939E+00
+6.142900E+00,+3.424953E+00,-1.074926E+00
+6.184200E+00,+3.424928E+00,-1.074917E+00
+6.225400E+00,+3.424903E+00,-1.074894E+00
+6.266700E+00,+3.424881E+00,-1.074878E+00
+6.307900E+00,+3.424854E+00,-1.074881E+00
+6.349100E+00,+3.424829E+00,-1.074854E+00
+6.390400E+00,+3.424799E+00,-1.074797E+00
+6.431600E+00,+3.424776E+00,-1.074763E+00
+6.472800E+00,+3.424757E+00,-1.074746E+00
+6.514100E+00,+3.424721E+00,-1.074739E+00
+6.555300E+00,+3.424693E+00,-1.074703E+00
+6.596600E+00,+3.424659E+00,-1.074693E+00
+6.637800E+00,+3.424634E+00,-1.074664E+00
+6.679000E+00,+3.424611E+00,-1.074645E+00
+6.720200E+00,+3.424594E+00,-1.074624E+00
+6.761500E+00,+3.424562E+00,-1.074574E+00
+6.802700E+00,+3.424537E+00,-1.074562E+00
+6.843900E+00,+3.424512E+00,-1.074546E+00
+6.885200E+00,+3.424492E+00,-1.074518E+00
+6.926400E+00,+3.424482E+00,-1.074492E+00
+6.967700E+00,+3.424446E+00,-1.074482E+00
+7.008900E+00,+3.424399E+00,-1.074451E+00
+7.050100E+00,+3.424391E+00,-1.074401E+00
+7.091400E+00,+3.424366E+00,-1.074379E+00
+7.132600E+00,+3.424347E+00,-1.074349E+00
+7.173900E+00,+3.424319E+00,-1.074330E+00
+7.215100E+00,+3.424283E+00,-1.074311E+00
+7.256300E+00,+3.424270E+00,-1.074291E+00
+7.297600E+00,+3.424243E+00,-1.074270E+00
+7.338800E+00,+3.424198E+00,-1.074247E+00
+7.380000E+00,+3.424190E+00,-1.074216E+00
+7.421300E+00,+3.424169E+00,-1.074175E+00
+7.462500E+00,+3.424150E+00,-1.074168E+00
+7.503700E+00,+3.424113E+00,-1.074150E+00
+7.545000E+00,+3.424093E+00,-1.074134E+00
+7.586200E+00,+3.424067E+00,-1.074109E+00
+7.627400E+00,+3.424050E+00,-1.074088E+00
+7.668600E+00,+3.424020E+00,-1.074053E+00
+7.709900E+00,+3.424006E+00,-1.074024E+00
+7.751100E+00,+3.423984E+00,-1.073982E+00
+7.792400E+00,+3.423957E+00,-1.073952E+00
+7.833600E+00,+3.423927E+00,-1.073942E+00
+7.874800E+00,+3.423908E+00,-1.073903E+00
+7.916100E+00,+3.423885E+00,-1.073879E+00
+7.957300E+00,+3.423868E+00,-1.073846E+00
+7.998600E+00,+3.423845E+00,-1.073833E+00
+8.039800E+00,+3.423832E+00,-1.073776E+00
+8.081100E+00,+3.423813E+00,-1.073735E+00
+8.122300E+00,+3.423794E+00,-1.073630E+00
+8.163500E+00,+3.423760E+00,-1.073665E+00
+8.204700E+00,+3.423741E+00,-1.073649E+00
+8.246000E+00,+3.423709E+00,-1.073639E+00
+8.287200E+00,+3.423695E+00,-1.073587E+00
+8.328400E+00,+3.423671E+00,-1.073489E+00
+8.369600E+00,+3.423659E+00,-1.073439E+00
+8.410800E+00,+3.423636E+00,-1.073418E+00
+8.452000E+00,+3.423616E+00,-1.073409E+00
+8.493200E+00,+3.423597E+00,-1.073402E+00
+8.534400E+00,+3.423564E+00,-1.073380E+00
+8.575600E+00,+3.423540E+00,-1.073372E+00
+8.616900E+00,+3.423513E+00,-1.073340E+00
+8.658100E+00,+3.423510E+00,-1.073326E+00
+8.699300E+00,+3.423477E+00,-1.073273E+00
+8.740500E+00,+3.423458E+00,-1.073263E+00
+8.781800E+00,+3.423447E+00,-1.073226E+00
+8.823000E+00,+3.423422E+00,-1.073195E+00
+8.864200E+00,+3.423394E+00,-1.073175E+00
+8.905400E+00,+3.423375E+00,-1.073138E+00
+8.946600E+00,+3.423362E+00,-1.073136E+00
+8.987900E+00,+3.423333E+00,-1.073107E+00
+9.029100E+00,+3.423305E+00,-1.073070E+00
+9.070300E+00,+3.423295E+00,-1.073033E+00
+9.111500E+00,+3.423263E+00,-1.073038E+00
+9.152800E+00,+3.423248E+00,-1.073011E+00
+9.194000E+00,+3.423218E+00,-1.072982E+00
+9.235200E+00,+3.423208E+00,-1.072980E+00
+9.276500E+00,+3.423165E+00,-1.072968E+00
+9.317700E+00,+3.423153E+00,-1.072957E+00
+9.358900E+00,+3.423126E+00,-1.072928E+00
+9.400100E+00,+3.423110E+00,-1.072903E+00
+9.441400E+00,+3.423094E+00,-1.072870E+00
+9.482600E+00,+3.423075E+00,-1.072862E+00
+9.523800E+00,+3.423047E+00,-1.072885E+00
+9.565100E+00,+3.423018E+00,-1.072839E+00
+9.606300E+00,+3.422996E+00,-1.072820E+00
+9.647600E+00,+3.422979E+00,-1.072798E+00
+9.688800E+00,+3.422954E+00,-1.072756E+00
+9.730000E+00,+3.422939E+00,-1.072718E+00
+9.771300E+00,+3.422910E+00,-1.072690E+00
+9.812500E+00,+3.422895E+00,-1.072665E+00
+9.853800E+00,+3.422884E+00,-1.072637E+00
+9.895000E+00,+3.422869E+00,-1.072582E+00
+9.936200E+00,+3.422850E+00,-1.072559E+00
+9.977500E+00,+3.422829E+00,-1.072523E+00
+1.001870E+01,+3.422810E+00,-1.072480E+00
+1.005990E+01,+3.422793E+00,-1.072420E+00
+1.010110E+01,+3.422774E+00,-1.072367E+00
+1.014240E+01,+3.422760E+00,-1.072320E+00
+1.018360E+01,+3.422740E+00,-1.072294E+00
+1.022480E+01,+3.422726E+00,-1.072271E+00
+1.026610E+01,+3.422715E+00,-1.072230E+00
+1.030730E+01,+3.422706E+00,-1.072198E+00
+1.034850E+01,+3.422660E+00,-1.072147E+00
+1.038980E+01,+3.422662E+00,-1.072099E+00
+1.043100E+01,+3.422645E+00,-1.072064E+00
+1.047220E+01,+3.422615E+00,-1.072030E+00
+1.051340E+01,+3.422620E+00,-1.071995E+00
+1.055470E+01,+3.422588E+00,-1.071959E+00
+1.059590E+01,+3.422569E+00,-1.071925E+00
+1.063710E+01,+3.422548E+00,-1.071923E+00
+1.067840E+01,+3.422531E+00,-1.071854E+00
+1.071960E+01,+3.422520E+00,-1.071821E+00
+1.076090E+01,+3.422514E+00,-1.071794E+00
+1.080210E+01,+3.422484E+00,-1.071763E+00
+1.084330E+01,+3.422469E+00,-1.071730E+00
+1.088460E+01,+3.422442E+00,-1.071710E+00
+1.092580E+01,+3.422432E+00,-1.071669E+00
+1.096700E+01,+3.422421E+00,-1.071642E+00
+1.100830E+01,+3.422393E+00,-1.071623E+00
+1.104950E+01,+3.422368E+00,-1.071587E+00
+1.109070E+01,+3.422357E+00,-1.071561E+00
+1.113200E+01,+3.422324E+00,-1.071551E+00
+1.117320E+01,+3.422315E+00,-1.071509E+00
+1.121440E+01,+3.422291E+00,-1.071513E+00
+1.125570E+01,+3.422271E+00,-1.071466E+00
+1.129690E+01,+3.422256E+00,-1.071446E+00
+1.133810E+01,+3.422234E+00,-1.071414E+00
+1.137940E+01,+3.422218E+00,-1.071319E+00
+1.142060E+01,+3.422203E+00,-1.071350E+00
+1.146180E+01,+3.422180E+00,-1.071361E+00
+1.150300E+01,+3.422159E+00,-1.071324E+00
+1.154430E+01,+3.422144E+00,-1.071309E+00
+1.158550E+01,+3.422127E+00,-1.071272E+00
+1.162670E+01,+3.422105E+00,-1.071244E+00
+1.166800E+01,+3.422087E+00,-1.071190E+00
+1.170920E+01,+3.422076E+00,-1.071150E+00
+1.175040E+01,+3.422050E+00,-1.071091E+00
+1.179170E+01,+3.422054E+00,-1.071038E+00
+1.183290E+01,+3.422033E+00,-1.070995E+00
+1.187410E+01,+3.422010E+00,-1.070936E+00
+1.191540E+01,+3.422006E+00,-1.070918E+00
+1.195660E+01,+3.421972E+00,-1.070945E+00
+1.199780E+01,+3.421955E+00,-1.070897E+00
+1.203900E+01,+3.421942E+00,-1.070816E+00
+1.208020E+01,+3.421930E+00,-1.070775E+00
+1.212140E+01,+3.421922E+00,-1.070752E+00
+1.216260E+01,+3.421896E+00,-1.070707E+00
+1.220390E+01,+3.421879E+00,-1.070694E+00
+1.224510E+01,+3.421877E+00,-1.070659E+00
+1.228630E+01,+3.421850E+00,-1.070636E+00
+1.232750E+01,+3.421828E+00,-1.070604E+00
+1.236870E+01,+3.421809E+00,-1.070569E+00
+1.240990E+01,+3.421807E+00,-1.070528E+00
+1.245110E+01,+3.421784E+00,-1.070514E+00
+1.249230E+01,+3.421763E+00,-1.070484E+00
+1.253350E+01,+3.421741E+00,-1.070446E+00
+1.257480E+01,+3.421742E+00,-1.070406E+00
+1.261600E+01,+3.421716E+00,-1.070376E+00
+1.265720E+01,+3.421703E+00,-1.070331E+00
+1.269840E+01,+3.421688E+00,-1.070297E+00
+1.273970E+01,+3.421682E+00,-1.070276E+00
+1.278090E+01,+3.421653E+00,-1.070227E+00
+1.282210E+01,+3.421642E+00,-1.070201E+00
+1.286330E+01,+3.421621E+00,-1.070137E+00
+1.290460E+01,+3.421604E+00,-1.070099E+00
+1.294580E+01,+3.421589E+00,-1.070107E+00
+1.298700E+01,+3.421566E+00,-1.070066E+00
+1.302830E+01,+3.421564E+00,-1.069999E+00
+1.306950E+01,+3.421557E+00,-1.069970E+00
+1.311080E+01,+3.421534E+00,-1.069954E+00
+1.315200E+01,+3.421498E+00,-1.069916E+00
+1.319330E+01,+3.421504E+00,-1.069885E+00
+1.323450E+01,+3.421483E+00,-1.069862E+00
+1.327580E+01,+3.421464E+00,-1.069813E+00
+1.331700E+01,+3.421448E+00,-1.069782E+00
+1.335820E+01,+3.421435E+00,-1.069727E+00
+1.339950E+01,+3.421411E+00,-1.069719E+00
+1.344070E+01,+3.421401E+00,-1.069710E+00
+1.348190E+01,+3.421379E+00,-1.069680E+00
+1.352320E+01,+3.421363E+00,-1.069652E+00
+1.356440E+01,+3.421350E+00,-1.069620E+00
+1.360560E+01,+3.421346E+00,-1.069583E+00
+1.364680E+01,+3.421308E+00,-1.069522E+00
+1.368810E+01,+3.421299E+00,-1.069493E+00
+1.372930E+01,+3.421289E+00,-1.069473E+00
+1.377050E+01,+3.421288E+00,-1.069435E+00
+1.381180E+01,+3.421261E+00,-1.069390E+00
+1.385300E+01,+3.421259E+00,-1.069361E+00
+1.389420E+01,+3.421236E+00,-1.069332E+00
+1.393540E+01,+3.421213E+00,-1.069281E+00
+1.397670E+01,+3.421208E+00,-1.069229E+00
+1.401790E+01,+3.421191E+00,-1.069185E+00
+1.405910E+01,+3.421185E+00,-1.069151E+00
+1.410040E+01,+3.421160E+00,-1.069129E+00
+1.414160E+01,+3.421145E+00,-1.069089E+00
+1.418280E+01,+3.421132E+00,-1.069078E+00
+1.422410E+01,+3.421126E+00,-1.069013E+00
+1.426530E+01,+3.421120E+00,-1.068980E+00
+1.430650E+01,+3.421096E+00,-1.068934E+00
+1.434780E+01,+3.421090E+00,-1.068866E+00
+1.438900E+01,+3.421075E+00,-1.068830E+00
+1.443020E+01,+3.421062E+00,-1.068821E+00
+1.447150E+01,+3.421033E+00,-1.068794E+00
+1.451270E+01,+3.421031E+00,-1.068724E+00
+1.455400E+01,+3.421016E+00,-1.068718E+00
+1.459520E+01,+3.420984E+00,-1.068686E+00
+1.463640E+01,+3.420978E+00,-1.068575E+00
+1.467770E+01,+3.420984E+00,-1.068513E+00
+1.471890E+01,+3.420961E+00,-1.068510E+00
+1.476010E+01,+3.420958E+00,-1.068451E+00
+1.480140E+01,+3.420942E+00,-1.068455E+00
+1.484260E+01,+3.420904E+00,-1.068508E+00
+1.488380E+01,+3.420904E+00,-1.068506E+00
+1.492500E+01,+3.420870E+00,-1.068453E+00
+1.496630E+01,+3.420859E+00,-1.068411E+00
+1.500750E+01,+3.420847E+00,-1.068370E+00
+1.504870E+01,+3.420832E+00,-1.068347E+00
+1.508990E+01,+3.420823E+00,-1.068243E+00
+1.513110E+01,+3.420817E+00,-1.068275E+00
+1.517230E+01,+3.420785E+00,-1.068260E+00
+1.521350E+01,+3.420768E+00,-1.068236E+00
+1.525480E+01,+3.420768E+00,-1.068235E+00
+1.529600E+01,+3.420743E+00,-1.068208E+00
+1.533720E+01,+3.420730E+00,-1.068165E+00
+1.537840E+01,+3.420713E+00,-1.068117E+00
+1.541960E+01,+3.420705E+00,-1.068065E+00
+1.546080E+01,+3.420692E+00,-1.068011E+00
+1.550200E+01,+3.420686E+00,-1.068003E+00
+1.554320E+01,+3.420669E+00,-1.068001E+00
+1.558440E+01,+3.420633E+00,-1.067973E+00
+1.562560E+01,+3.420628E+00,-1.067948E+00
+1.566680E+01,+3.420601E+00,-1.067920E+00
+1.570810E+01,+3.420601E+00,-1.067826E+00
+1.574930E+01,+3.420590E+00,-1.067860E+00
+1.579050E+01,+3.420559E+00,-1.067851E+00
+1.583170E+01,+3.420542E+00,-1.067830E+00
+1.587300E+01,+3.420521E+00,-1.067812E+00
+1.591420E+01,+3.420512E+00,-1.067767E+00
+1.595540E+01,+3.420510E+00,-1.067743E+00
+1.599670E+01,+3.420495E+00,-1.067724E+00
+1.603790E+01,+3.420476E+00,-1.067656E+00
+1.607910E+01,+3.420466E+00,-1.067624E+00
+1.612040E+01,+3.420468E+00,-1.067594E+00
+1.616160E+01,+3.420442E+00,-1.067577E+00
+1.620280E+01,+3.420438E+00,-1.067523E+00
+1.624410E+01,+3.420412E+00,-1.067480E+00
+1.628530E+01,+3.420404E+00,-1.067429E+00
+1.632650E+01,+3.420381E+00,-1.067379E+00
+1.636780E+01,+3.420373E+00,-1.067317E+00
+1.640900E+01,+3.420368E+00,-1.067195E+00
+1.645020E+01,+3.420368E+00,-1.067187E+00
+1.649150E+01,+3.420362E+00,-1.067145E+00
+1.653270E+01,+3.420351E+00,-1.067148E+00
+1.657390E+01,+3.420321E+00,-1.067158E+00
+1.661520E+01,+3.420300E+00,-1.067154E+00
+1.665640E+01,+3.420294E+00,-1.067125E+00
+1.669760E+01,+3.420286E+00,-1.067080E+00
+1.673890E+01,+3.420277E+00,-1.066973E+00
+1.678010E+01,+3.420271E+00,-1.066932E+00
+1.682130E+01,+3.420252E+00,-1.066906E+00
+1.686250E+01,+3.420247E+00,-1.066874E+00
+1.690380E+01,+3.420239E+00,-1.066861E+00
+1.694500E+01,+3.420203E+00,-1.066857E+00
+1.698620E+01,+3.420190E+00,-1.066841E+00
+1.702740E+01,+3.420178E+00,-1.066792E+00
+1.706870E+01,+3.420169E+00,-1.066751E+00
+1.710990E+01,+3.420152E+00,-1.066725E+00
+1.715110E+01,+3.420133E+00,-1.066695E+00
+1.719240E+01,+3.420121E+00,-1.066651E+00
+1.723360E+01,+3.420108E+00,-1.066541E+00
+1.727490E+01,+3.420118E+00,-1.066498E+00
+1.731610E+01,+3.420106E+00,-1.066476E+00
+1.735730E+01,+3.420089E+00,-1.066524E+00
+1.739860E+01,+3.420070E+00,-1.066524E+00
+1.743980E+01,+3.420046E+00,-1.066461E+00
+1.748100E+01,+3.420042E+00,-1.066445E+00
+1.752230E+01,+3.420015E+00,-1.066444E+00
+1.756350E+01,+3.419998E+00,-1.066409E+00
+1.760470E+01,+3.419989E+00,-1.066352E+00
+1.764600E+01,+3.419974E+00,-1.066325E+00
+1.768720E+01,+3.419974E+00,-1.066301E+00
+1.772840E+01,+3.419941E+00,-1.066237E+00
+1.776970E+01,+3.419962E+00,-1.066173E+00
+1.781090E+01,+3.419932E+00,-1.066174E+00
+1.785220E+01,+3.419915E+00,-1.066211E+00
+1.789340E+01,+3.419884E+00,-1.066214E+00
+1.793460E+01,+3.419862E+00,-1.066161E+00
+1.797590E+01,+3.419862E+00,-1.066111E+00
+1.801710E+01,+3.419854E+00,-1.066036E+00
+1.805830E+01,+3.419854E+00,-1.066002E+00
+1.809950E+01,+3.419818E+00,-1.066037E+00
+1.814080E+01,+3.419812E+00,-1.066034E+00
+1.818200E+01,+3.419797E+00,-1.065989E+00
+1.822320E+01,+3.419784E+00,-1.065945E+00
+1.826450E+01,+3.419780E+00,-1.065904E+00
+1.830570E+01,+3.419757E+00,-1.065852E+00
+1.834690E+01,+3.419765E+00,-1.065755E+00
+1.838810E+01,+3.419748E+00,-1.065778E+00
+1.842930E+01,+3.419731E+00,-1.065743E+00
+1.847050E+01,+3.419718E+00,-1.065797E+00
+1.851180E+01,+3.419672E+00,-1.065822E+00
+1.855300E+01,+3.419670E+00,-1.065751E+00
+1.859410E+01,+3.419678E+00,-1.065595E+00
+1.863530E+01,+3.419672E+00,-1.065602E+00
+1.867650E+01,+3.419651E+00,-1.065552E+00
+1.871760E+01,+3.419619E+00,-1.065516E+00
+1.875880E+01,+3.419615E+00,-1.065520E+00
+1.880000E+01,+3.419610E+00,-1.065467E+00
+1.884120E+01,+3.419594E+00,-1.065438E+00
+1.888240E+01,+3.419600E+00,-1.065433E+00
+1.892360E+01,+3.419574E+00,-1.065394E+00
+1.896490E+01,+3.419553E+00,-1.065418E+00
+1.900610E+01,+3.419526E+00,-1.065423E+00
+1.904730E+01,+3.419507E+00,-1.065334E+00
+1.908850E+01,+3.419501E+00,-1.065384E+00
+1.912970E+01,+3.419475E+00,-1.065377E+00
+1.917100E+01,+3.419475E+00,-1.065335E+00
+1.921220E+01,+3.419448E+00,-1.065304E+00
+1.925340E+01,+3.419439E+00,-1.065261E+00
+1.929460E+01,+3.419437E+00,-1.065212E+00
+1.933590E+01,+3.419431E+00,-1.065183E+00
+1.937710E+01,+3.419410E+00,-1.065143E+00
+1.941840E+01,+3.419409E+00,-1.065047E+00
+1.945960E+01,+3.419391E+00,-1.065045E+00
+1.950080E+01,+3.419386E+00,-1.065026E+00
+1.954210E+01,+3.419369E+00,-1.065035E+00
+1.958330E+01,+3.419348E+00,-1.065004E+00
+1.962450E+01,+3.419357E+00,-1.064879E+00
+1.966570E+01,+3.419337E+00,-1.064909E+00
+1.970690E+01,+3.419312E+00,-1.064890E+00
+1.974820E+01,+3.419302E+00,-1.064852E+00
+1.978940E+01,+3.419289E+00,-1.064836E+00
+1.983060E+01,+3.419276E+00,-1.064817E+00
+1.987180E+01,+3.419266E+00,-1.064710E+00
+1.991310E+01,+3.419280E+00,-1.064602E+00
+1.995430E+01,+3.419262E+00,-1.064608E+00
+1.999550E+01,+3.419238E+00,-1.064557E+00
+2.003670E+01,+3.419238E+00,-1.064552E+00
+2.007800E+01,+3.419213E+00,-1.064541E+00
+2.011920E+01,+3.419209E+00,-1.064526E+00
+2.016040E+01,+3.419202E+00,-1.064499E+00
+2.020160E+01,+3.419177E+00,-1.064534E+00
+2.024290E+01,+3.419158E+00,-1.064487E+00
+2.028410E+01,+3.419149E+00,-1.064456E+00
+2.032540E+01,+3.419130E+00,-1.064425E+00
+2.036660E+01,+3.419103E+00,-1.064414E+00
+2.040790E+01,+3.419107E+00,-1.064371E+00
+2.044910E+01,+3.419097E+00,-1.064315E+00
+2.049040E+01,+3.419082E+00,-1.064196E+00
+2.053160E+01,+3.419082E+00,-1.064200E+00
+2.057280E+01,+3.419073E+00,-1.064163E+00
+2.061410E+01,+3.419065E+00,-1.064131E+00
+2.065530E+01,+3.419046E+00,-1.064077E+00
+2.069660E+01,+3.419029E+00,-1.064061E+00
+2.073780E+01,+3.419027E+00,-1.064053E+00
+2.077900E+01,+3.419012E+00,-1.063990E+00
+2.082030E+01,+3.418999E+00,-1.063969E+00
+2.086150E+01,+3.418995E+00,-1.063951E+00
+2.090270E+01,+3.418976E+00,-1.063909E+00
+2.094400E+01,+3.418965E+00,-1.063915E+00
+2.098520E+01,+3.418950E+00,-1.063918E+00
+2.102640E+01,+3.418921E+00,-1.063878E+00
+2.106770E+01,+3.418917E+00,-1.063843E+00
+2.110890E+01,+3.418906E+00,-1.063801E+00
+2.115010E+01,+3.418895E+00,-1.063766E+00
+2.119140E+01,+3.418893E+00,-1.063739E+00
+2.123260E+01,+3.418881E+00,-1.063699E+00
+2.127380E+01,+3.418874E+00,-1.063659E+00
+2.131510E+01,+3.418853E+00,-1.063631E+00
+2.135630E+01,+3.418851E+00,-1.063544E+00
+2.139750E+01,+3.418836E+00,-1.063537E+00
+2.143880E+01,+3.418821E+00,-1.063531E+00
+2.148000E+01,+3.418796E+00,-1.063533E+00
+2.152120E+01,+3.418794E+00,-1.063491E+00
+2.156240E+01,+3.418783E+00,-1.063452E+00
+2.160370E+01,+3.418770E+00,-1.063432E+00
+2.164490E+01,+3.418751E+00,-1.063403E+00
+2.168610E+01,+3.418741E+00,-1.063386E+00
+2.172730E+01,+3.418728E+00,-1.063357E+00
+2.176860E+01,+3.418713E+00,-1.063327E+00
+2.180980E+01,+3.418694E+00,-1.063286E+00
+2.185100E+01,+3.418692E+00,-1.063277E+00
+2.189220E+01,+3.418679E+00,-1.063223E+00
+2.193350E+01,+3.418677E+00,-1.063198E+00
+2.197470E+01,+3.418644E+00,-1.063155E+00
+2.201590E+01,+3.418648E+00,-1.063140E+00
+2.205710E+01,+3.418635E+00,-1.063094E+00
+2.209830E+01,+3.418626E+00,-1.063077E+00
+2.213950E+01,+3.418610E+00,-1.063047E+00
+2.218080E+01,+3.418607E+00,-1.062984E+00
+2.222200E+01,+3.418589E+00,-1.062950E+00
+2.226320E+01,+3.418582E+00,-1.062929E+00
+2.230440E+01,+3.418561E+00,-1.062910E+00
+2.234560E+01,+3.418548E+00,-1.062871E+00
+2.238680E+01,+3.418535E+00,-1.062858E+00
+2.242810E+01,+3.418523E+00,-1.062809E+00
+2.246930E+01,+3.418515E+00,-1.062775E+00
+2.251050E+01,+3.418494E+00,-1.062736E+00
+2.255170E+01,+3.418494E+00,-1.062680E+00
+2.259300E+01,+3.418491E+00,-1.062613E+00
+2.263420E+01,+3.418483E+00,-1.062590E+00
+2.267540E+01,+3.418470E+00,-1.062578E+00
+2.271660E+01,+3.418461E+00,-1.062558E+00
+2.275790E+01,+3.418438E+00,-1.062507E+00
+2.279910E+01,+3.418455E+00,-1.062500E+00
+2.284030E+01,+3.418425E+00,-1.062499E+00
+2.288160E+01,+3.418411E+00,-1.062457E+00
+2.292280E+01,+3.418409E+00,-1.062430E+00
+2.296400E+01,+3.418381E+00,-1.062418E+00
+2.300530E+01,+3.418373E+00,-1.062408E+00
+2.304650E+01,+3.418354E+00,-1.062391E+00
+2.308770E+01,+3.418341E+00,-1.062373E+00
+2.312890E+01,+3.418326E+00,-1.062348E+00
+2.317020E+01,+3.418313E+00,-1.062319E+00
+2.321140E+01,+3.418305E+00,-1.062300E+00
+2.325260E+01,+3.418286E+00,-1.062258E+00
+2.329380E+01,+3.418273E+00,-1.062220E+00
+2.333510E+01,+3.418271E+00,-1.062185E+00
+2.337630E+01,+3.418256E+00,-1.062160E+00
+2.341750E+01,+3.418242E+00,-1.062128E+00
+2.345870E+01,+3.418233E+00,-1.062112E+00
+2.350000E+01,+3.418225E+00,-1.062094E+00
+2.354120E+01,+3.418199E+00,-1.062056E+00
+2.358240E+01,+3.418184E+00,-1.062006E+00
+2.362360E+01,+3.418195E+00,-1.061972E+00
+2.366490E+01,+3.418174E+00,-1.061961E+00
+2.370610E+01,+3.418165E+00,-1.061929E+00
+2.374740E+01,+3.418148E+00,-1.061922E+00
+2.378860E+01,+3.418136E+00,-1.061887E+00
+2.382990E+01,+3.418127E+00,-1.061875E+00
+2.387110E+01,+3.418117E+00,-1.061796E+00
+2.391240E+01,+3.418113E+00,-1.061730E+00
+2.395360E+01,+3.418112E+00,-1.061708E+00
+2.399490E+01,+3.418102E+00,-1.061651E+00
+2.403610E+01,+3.418091E+00,-1.061574E+00
+2.407730E+01,+3.418076E+00,-1.061606E+00
+2.411860E+01,+3.418072E+00,-1.061626E+00
+2.415980E+01,+3.418036E+00,-1.061595E+00
+2.420100E+01,+3.418041E+00,-1.061543E+00
+2.424230E+01,+3.418013E+00,-1.061518E+00
+2.428350E+01,+3.418000E+00,-1.061492E+00
+2.432470E+01,+3.417994E+00,-1.061458E+00
+2.436600E+01,+3.417988E+00,-1.061452E+00
+2.440720E+01,+3.417965E+00,-1.061431E+00
+2.444840E+01,+3.417964E+00,-1.061404E+00
+2.448970E+01,+3.417948E+00,-1.061380E+00
+2.453090E+01,+3.417943E+00,-1.061380E+00
+2.457220E+01,+3.417928E+00,-1.061342E+00
+2.461340E+01,+3.417924E+00,-1.061301E+00
+2.465460E+01,+3.417909E+00,-1.061264E+00
+2.469580E+01,+3.417905E+00,-1.061249E+00
+2.473700E+01,+3.417873E+00,-1.061234E+00
+2.477830E+01,+3.417876E+00,-1.061211E+00
+2.481950E+01,+3.417860E+00,-1.061175E+00
+2.486070E+01,+3.417846E+00,-1.061135E+00
+2.490200E+01,+3.417839E+00,-1.061081E+00
+2.494320E+01,+3.417844E+00,-1.061046E+00
+2.498440E+01,+3.417814E+00,-1.061030E+00
+2.502560E+01,+3.417808E+00,-1.060998E+00
+2.506690E+01,+3.417780E+00,-1.060966E+00
+2.510810E+01,+3.417780E+00,-1.060938E+00
+2.514930E+01,+3.417776E+00,-1.060896E+00
+2.519060E+01,+3.417770E+00,-1.060866E+00
+2.523180E+01,+3.417747E+00,-1.060866E+00
+2.527300E+01,+3.417734E+00,-1.060834E+00
+2.531420E+01,+3.417734E+00,-1.060791E+00
+2.535540E+01,+3.417721E+00,-1.060793E+00
+2.539670E+01,+3.417695E+00,-1.060779E+00
+2.543790E+01,+3.417696E+00,-1.060739E+00
+2.547920E+01,+3.417681E+00,-1.060688E+00
+2.552040E+01,+3.417675E+00,-1.060660E+00
+2.556160E+01,+3.417660E+00,-1.060640E+00
+2.560290E+01,+3.417659E+00,-1.060610E+00
+2.564410E+01,+3.417632E+00,-1.060575E+00
+2.568530E+01,+3.417630E+00,-1.060541E+00
+2.572650E+01,+3.417609E+00,-1.060497E+00
+2.576780E+01,+3.417607E+00,-1.060485E+00
+2.580900E+01,+3.417598E+00,-1.060434E+00
+2.585020E+01,+3.417581E+00,-1.060392E+00
+2.589140E+01,+3.417588E+00,-1.060354E+00
+2.593260E+01,+3.417579E+00,-1.060327E+00
+2.597380E+01,+3.417560E+00,-1.060290E+00
+2.601500E+01,+3.417556E+00,-1.060255E+00
+2.605620E+01,+3.417545E+00,-1.060245E+00
+2.609750E+01,+3.417539E+00,-1.060195E+00
+2.613870E+01,+3.417527E+00,-1.060153E+00
+2.617990E+01,+3.417526E+00,-1.060125E+00
+2.622110E+01,+3.417499E+00,-1.060122E+00
+2.626230E+01,+3.417491E+00,-1.060079E+00
+2.630350E+01,+3.417488E+00,-1.060044E+00
+2.634480E+01,+3.417471E+00,-1.060038E+00
+2.638600E+01,+3.417446E+00,-1.060072E+00
+2.642720E+01,+3.417433E+00,-1.060054E+00
+2.646840E+01,+3.417414E+00,-1.060023E+00
+2.650960E+01,+3.417404E+00,-1.060025E+00
+2.655080E+01,+3.417382E+00,-1.060035E+00
+2.659200E+01,+3.417372E+00,-1.060005E+00
+2.663330E+01,+3.417367E+00,-1.059961E+00
+2.667450E+01,+3.417351E+00,-1.059965E+00
+2.671570E+01,+3.417332E+00,-1.059951E+00
+2.675700E+01,+3.417329E+00,-1.059806E+00
+2.679820E+01,+3.417332E+00,-1.059779E+00
+2.683940E+01,+3.417315E+00,-1.059818E+00
+2.688060E+01,+3.417298E+00,-1.059847E+00
+2.692190E+01,+3.417279E+00,-1.059832E+00
+2.696310E+01,+3.417264E+00,-1.059797E+00
+2.700430E+01,+3.417260E+00,-1.059767E+00
+2.704550E+01,+3.417251E+00,-1.059748E+00
+2.708680E+01,+3.417245E+00,-1.059692E+00
+2.712800E+01,+3.417236E+00,-1.059670E+00
+2.716920E+01,+3.417221E+00,-1.059649E+00
+2.721050E+01,+3.417203E+00,-1.059584E+00
+2.725170E+01,+3.417209E+00,-1.059556E+00
+2.729290E+01,+3.417207E+00,-1.059472E+00
+2.733420E+01,+3.417200E+00,-1.059518E+00
+2.737540E+01,+3.417166E+00,-1.059490E+00
+2.741670E+01,+3.417186E+00,-1.059401E+00
+2.745790E+01,+3.417164E+00,-1.059437E+00
+2.749910E+01,+3.417139E+00,-1.059417E+00
+2.754040E+01,+3.417116E+00,-1.059371E+00
+2.758160E+01,+3.417118E+00,-1.059361E+00
+2.762280E+01,+3.417097E+00,-1.059345E+00
+2.766410E+01,+3.417084E+00,-1.059294E+00
+2.770530E+01,+3.417089E+00,-1.059273E+00
+2.774650E+01,+3.417067E+00,-1.059241E+00
+2.778780E+01,+3.417048E+00,-1.059155E+00
+2.782900E+01,+3.417061E+00,-1.059160E+00
+2.787030E+01,+3.417034E+00,-1.059153E+00
+2.791150E+01,+3.417034E+00,-1.059094E+00
+2.795270E+01,+3.417029E+00,-1.059087E+00
+2.799400E+01,+3.417014E+00,-1.059078E+00
+2.803520E+01,+3.416993E+00,-1.059053E+00
+2.807650E+01,+3.416991E+00,-1.059015E+00
+2.811770E+01,+3.416978E+00,-1.058982E+00
+2.815890E+01,+3.416970E+00,-1.058898E+00
+2.820020E+01,+3.416961E+00,-1.058870E+00
+2.824140E+01,+3.416951E+00,-1.058859E+00
+2.828260E+01,+3.416929E+00,-1.058846E+00
+2.832390E+01,+3.416934E+00,-1.058835E+00
+2.836510E+01,+3.416908E+00,-1.058815E+00
+2.840630E+01,+3.416902E+00,-1.058819E+00
+2.844750E+01,+3.416885E+00,-1.058788E+00
+2.848880E+01,+3.416872E+00,-1.058741E+00
+2.853000E+01,+3.416866E+00,-1.058719E+00
+2.857120E+01,+3.416849E+00,-1.058681E+00
+2.861240E+01,+3.416851E+00,-1.058655E+00
+2.865370E+01,+3.416830E+00,-1.058568E+00
+2.869490E+01,+3.416845E+00,-1.058599E+00
+2.873610E+01,+3.416826E+00,-1.058624E+00
+2.877740E+01,+3.416801E+00,-1.058559E+00
+2.881860E+01,+3.416797E+00,-1.058548E+00
+2.885980E+01,+3.416771E+00,-1.058535E+00
+2.890100E+01,+3.416769E+00,-1.058515E+00
+2.894220E+01,+3.416743E+00,-1.058516E+00
+2.898350E+01,+3.416741E+00,-1.058511E+00
+2.902470E+01,+3.416724E+00,-1.058503E+00
+2.906590E+01,+3.416705E+00,-1.058503E+00
+2.910720E+01,+3.416686E+00,-1.058492E+00
+2.914840E+01,+3.416693E+00,-1.058464E+00
+2.918970E+01,+3.416680E+00,-1.058414E+00
+2.923090E+01,+3.416680E+00,-1.058398E+00
+2.927220E+01,+3.416650E+00,-1.058367E+00
+2.931340E+01,+3.416650E+00,-1.058340E+00
+2.935460E+01,+3.416633E+00,-1.058290E+00
+2.939590E+01,+3.416631E+00,-1.058262E+00
+2.943710E+01,+3.416631E+00,-1.058213E+00
+2.947830E+01,+3.416623E+00,-1.058181E+00
+2.951960E+01,+3.416600E+00,-1.058150E+00
+2.956080E+01,+3.416593E+00,-1.058129E+00
+2.960210E+01,+3.416589E+00,-1.058094E+00
+2.964330E+01,+3.416578E+00,-1.058066E+00
+2.968450E+01,+3.416568E+00,-1.058034E+00
+2.972580E+01,+3.416560E+00,-1.058000E+00
+2.976700E+01,+3.416564E+00,-1.057971E+00
+2.980820E+01,+3.416547E+00,-1.057938E+00
+2.984940E+01,+3.416536E+00,-1.057930E+00
+2.989060E+01,+3.416521E+00,-1.057879E+00
+2.993180E+01,+3.416517E+00,-1.057849E+00
+2.997300E+01,+3.416511E+00,-1.057836E+00
+3.001430E+01,+3.416487E+00,-1.057821E+00
+3.005550E+01,+3.416485E+00,-1.057803E+00
+3.009670E+01,+3.416462E+00,-1.057770E+00
+3.013790E+01,+3.416452E+00,-1.057746E+00
+3.017910E+01,+3.416464E+00,-1.057704E+00
+3.022030E+01,+3.416435E+00,-1.057720E+00
+3.026150E+01,+3.416414E+00,-1.057694E+00
+3.030270E+01,+3.416403E+00,-1.057672E+00
+3.034390E+01,+3.416401E+00,-1.057665E+00
+3.038510E+01,+3.416380E+00,-1.057671E+00
+3.042630E+01,+3.416375E+00,-1.057632E+00
+3.046750E+01,+3.416360E+00,-1.057617E+00
+3.050870E+01,+3.416346E+00,-1.057594E+00
+3.054990E+01,+3.416323E+00,-1.057584E+00
+3.059110E+01,+3.416329E+00,-1.057544E+00
+3.063230E+01,+3.416320E+00,-1.057508E+00
+3.067360E+01,+3.416318E+00,-1.057492E+00
+3.071480E+01,+3.416305E+00,-1.057456E+00
+3.075600E+01,+3.416301E+00,-1.057409E+00
+3.079720E+01,+3.416286E+00,-1.057394E+00
+3.083850E+01,+3.416269E+00,-1.057365E+00
+3.087970E+01,+3.416261E+00,-1.057336E+00
+3.092090E+01,+3.416257E+00,-1.057284E+00
+3.096220E+01,+3.416251E+00,-1.057271E+00
+3.100340E+01,+3.416231E+00,-1.057244E+00
+3.104460E+01,+3.416223E+00,-1.057231E+00
+3.108590E+01,+3.416206E+00,-1.057198E+00
+3.112710E+01,+3.416208E+00,-1.057156E+00
+3.116830E+01,+3.416202E+00,-1.057132E+00
+3.120960E+01,+3.416198E+00,-1.057111E+00
+3.125080E+01,+3.416182E+00,-1.057091E+00
+3.129210E+01,+3.416170E+00,-1.057051E+00
+3.133330E+01,+3.416176E+00,-1.057011E+00
+3.137460E+01,+3.416157E+00,-1.056992E+00
+3.141580E+01,+3.416130E+00,-1.057024E+00
+3.145710E+01,+3.416126E+00,-1.056960E+00
+3.149830E+01,+3.416140E+00,-1.056898E+00
+3.153950E+01,+3.416106E+00,-1.056996E+00
+3.158080E+01,+3.416075E+00,-1.056978E+00
+3.162200E+01,+3.416071E+00,-1.056940E+00
+3.166320E+01,+3.416060E+00,-1.056949E+00
+3.170450E+01,+3.416049E+00,-1.056954E+00
+3.174570E+01,+3.416032E+00,-1.056919E+00
+3.178690E+01,+3.416022E+00,-1.056898E+00
+3.182820E+01,+3.416009E+00,-1.056874E+00
+3.186940E+01,+3.416001E+00,-1.056852E+00
+3.191060E+01,+3.415994E+00,-1.056850E+00
+3.195190E+01,+3.415971E+00,-1.056847E+00
+3.199310E+01,+3.415962E+00,-1.056824E+00
+3.203440E+01,+3.415958E+00,-1.056776E+00
+3.207560E+01,+3.415939E+00,-1.056732E+00
+3.211680E+01,+3.415935E+00,-1.056705E+00
+3.215800E+01,+3.415929E+00,-1.056690E+00
+3.219930E+01,+3.415922E+00,-1.056684E+00
+3.224050E+01,+3.415905E+00,-1.056646E+00
+3.228170E+01,+3.415909E+00,-1.056536E+00
+3.232290E+01,+3.415918E+00,-1.056525E+00
+3.236420E+01,+3.415899E+00,-1.056587E+00
+3.240540E+01,+3.415870E+00,-1.056534E+00
+3.244660E+01,+3.415867E+00,-1.056432E+00
+3.248780E+01,+3.415863E+00,-1.056415E+00
+3.252910E+01,+3.415849E+00,-1.056389E+00
+3.257030E+01,+3.415848E+00,-1.056405E+00
+3.261150E+01,+3.415831E+00,-1.056414E+00
+3.265270E+01,+3.415827E+00,-1.056328E+00
+3.269400E+01,+3.415812E+00,-1.056280E+00
+3.273520E+01,+3.415829E+00,-1.056188E+00
+3.277640E+01,+3.415812E+00,-1.056200E+00
+3.281760E+01,+3.415793E+00,-1.056224E+00
+3.285890E+01,+3.415774E+00,-1.056216E+00
+3.290010E+01,+3.415753E+00,-1.056160E+00
+3.294130E+01,+3.415757E+00,-1.056133E+00
+3.298260E+01,+3.415759E+00,-1.056140E+00
+3.302380E+01,+3.415749E+00,-1.056106E+00
+3.306510E+01,+3.415741E+00,-1.056045E+00
+3.310630E+01,+3.415719E+00,-1.056019E+00
+3.314760E+01,+3.415725E+00,-1.055989E+00
+3.318880E+01,+3.415709E+00,-1.055987E+00
+3.323000E+01,+3.415696E+00,-1.056005E+00
+3.327130E+01,+3.415683E+00,-1.055985E+00
+3.331250E+01,+3.415673E+00,-1.055986E+00
+3.335370E+01,+3.415658E+00,-1.055974E+00
+3.339500E+01,+3.415654E+00,-1.055932E+00
+3.343620E+01,+3.415645E+00,-1.055902E+00
+3.347740E+01,+3.415626E+00,-1.055878E+00
+3.351870E+01,+3.415612E+00,-1.055821E+00
+3.355990E+01,+3.415605E+00,-1.055813E+00
+3.360120E+01,+3.415588E+00,-1.055811E+00
+3.364240E+01,+3.415586E+00,-1.055783E+00
+3.368360E+01,+3.415576E+00,-1.055753E+00
+3.372470E+01,+3.415576E+00,-1.055717E+00
+3.376590E+01,+3.415560E+00,-1.055705E+00
+3.380710E+01,+3.415557E+00,-1.055668E+00
+3.384840E+01,+3.415540E+00,-1.055644E+00
+3.388960E+01,+3.415531E+00,-1.055623E+00
+3.393080E+01,+3.415524E+00,-1.055594E+00
+3.397210E+01,+3.415516E+00,-1.055590E+00
+3.401330E+01,+3.415510E+00,-1.055590E+00
+3.405460E+01,+3.415501E+00,-1.055562E+00
+3.409580E+01,+3.415467E+00,-1.055554E+00
+3.413700E+01,+3.415471E+00,-1.055546E+00
+3.417830E+01,+3.415459E+00,-1.055520E+00
+3.421950E+01,+3.415448E+00,-1.055500E+00
+3.426070E+01,+3.415449E+00,-1.055506E+00
+3.430190E+01,+3.415425E+00,-1.055482E+00
+3.434320E+01,+3.415408E+00,-1.055478E+00
+3.438440E+01,+3.415398E+00,-1.055422E+00
+3.442560E+01,+3.415389E+00,-1.055400E+00
+3.446680E+01,+3.415380E+00,-1.055384E+00
+3.450800E+01,+3.415389E+00,-1.055360E+00
+3.454920E+01,+3.415381E+00,-1.055341E+00
+3.459050E+01,+3.415362E+00,-1.055320E+00
+3.463170E+01,+3.415339E+00,-1.055301E+00
+3.467290E+01,+3.415336E+00,-1.055277E+00
+3.471410E+01,+3.415330E+00,-1.055277E+00
+3.475530E+01,+3.415323E+00,-1.055251E+00
+3.479650E+01,+3.415307E+00,-1.055281E+00
+3.483770E+01,+3.415290E+00,-1.055232E+00
+3.487890E+01,+3.415281E+00,-1.055228E+00
+3.492010E+01,+3.415271E+00,-1.055203E+00
+3.496130E+01,+3.415258E+00,-1.055230E+00
+3.500250E+01,+3.415231E+00,-1.055183E+00
+3.504380E+01,+3.415230E+00,-1.055142E+00
+3.508500E+01,+3.415234E+00,-1.055128E+00
+3.512620E+01,+3.415218E+00,-1.055122E+00
+3.516740E+01,+3.415215E+00,-1.055109E+00
+3.520860E+01,+3.415199E+00,-1.055099E+00
+3.524990E+01,+3.415182E+00,-1.055078E+00
+3.529110E+01,+3.415174E+00,-1.055047E+00
+3.533230E+01,+3.415165E+00,-1.055004E+00
+3.537350E+01,+3.415156E+00,-1.054968E+00
+3.541470E+01,+3.415137E+00,-1.054927E+00
+3.545600E+01,+3.415135E+00,-1.054891E+00
+3.549720E+01,+3.415144E+00,-1.054847E+00
+3.553840E+01,+3.415120E+00,-1.054879E+00
+3.557960E+01,+3.415110E+00,-1.054806E+00
+3.562090E+01,+3.415108E+00,-1.054806E+00
+3.566210E+01,+3.415076E+00,-1.054850E+00
+3.570330E+01,+3.415070E+00,-1.054823E+00
+3.574450E+01,+3.415053E+00,-1.054808E+00
+3.578580E+01,+3.415050E+00,-1.054785E+00
+3.582700E+01,+3.415044E+00,-1.054771E+00
+3.586820E+01,+3.415034E+00,-1.054762E+00
+3.590950E+01,+3.415030E+00,-1.054751E+00
+3.595070E+01,+3.415011E+00,-1.054738E+00
+3.599190E+01,+3.415002E+00,-1.054724E+00
+3.603310E+01,+3.414989E+00,-1.054669E+00
+3.607440E+01,+3.414983E+00,-1.054649E+00
+3.611560E+01,+3.414974E+00,-1.054621E+00
+3.615690E+01,+3.414974E+00,-1.054554E+00
+3.619810E+01,+3.414960E+00,-1.054606E+00
+3.623930E+01,+3.414939E+00,-1.054608E+00
+3.628060E+01,+3.414930E+00,-1.054560E+00
+3.632180E+01,+3.414924E+00,-1.054525E+00
+3.636300E+01,+3.414913E+00,-1.054495E+00
+3.640420E+01,+3.414913E+00,-1.054486E+00
+3.644550E+01,+3.414906E+00,-1.054386E+00
+3.648670E+01,+3.414886E+00,-1.054466E+00
+3.652790E+01,+3.414881E+00,-1.054460E+00
+3.656910E+01,+3.414869E+00,-1.054391E+00
+3.661040E+01,+3.414875E+00,-1.054337E+00
+3.665160E+01,+3.414869E+00,-1.054314E+00
+3.669280E+01,+3.414833E+00,-1.054320E+00
+3.673400E+01,+3.414831E+00,-1.054345E+00
+3.677530E+01,+3.414814E+00,-1.054323E+00
+3.681650E+01,+3.414818E+00,-1.054295E+00
+3.685770E+01,+3.414795E+00,-1.054289E+00
+3.689900E+01,+3.414777E+00,-1.054280E+00
+3.694020E+01,+3.414773E+00,-1.054260E+00
+3.698140E+01,+3.414769E+00,-1.054233E+00
+3.702270E+01,+3.414761E+00,-1.054211E+00
+3.706390E+01,+3.414741E+00,-1.054215E+00
+3.710520E+01,+3.414738E+00,-1.054199E+00
+3.714640E+01,+3.414731E+00,-1.054159E+00
+3.718760E+01,+3.414716E+00,-1.054172E+00
+3.722890E+01,+3.414691E+00,-1.054181E+00
+3.727010E+01,+3.414691E+00,-1.054151E+00
+3.731130E+01,+3.414680E+00,-1.054115E+00
+3.735260E+01,+3.414672E+00,-1.054048E+00
+3.739380E+01,+3.414674E+00,-1.054062E+00
+3.743510E+01,+3.414649E+00,-1.054073E+00
+3.747630E+01,+3.414642E+00,-1.054043E+00
+3.751750E+01,+3.414642E+00,-1.054006E+00
+3.755880E+01,+3.414625E+00,-1.053982E+00
+3.760000E+01,+3.414615E+00,-1.053957E+00
+3.764120E+01,+3.414615E+00,-1.053916E+00
+3.768250E+01,+3.414615E+00,-1.053888E+00
+3.772370E+01,+3.414604E+00,-1.053771E+00
+3.776500E+01,+3.414596E+00,-1.053807E+00
+3.780620E+01,+3.414581E+00,-1.053791E+00
+3.784740E+01,+3.414573E+00,-1.053750E+00
+3.788870E+01,+3.414573E+00,-1.053695E+00
+3.792990E+01,+3.414576E+00,-1.053688E+00
+3.797110E+01,+3.414555E+00,-1.053669E+00
+3.801230E+01,+3.414558E+00,-1.053641E+00
+3.805360E+01,+3.414545E+00,-1.053558E+00
+3.809480E+01,+3.414557E+00,-1.053571E+00
+3.813600E+01,+3.414517E+00,-1.053600E+00
+3.817720E+01,+3.414507E+00,-1.053568E+00
+3.821850E+01,+3.414507E+00,-1.053545E+00
+3.825970E+01,+3.414488E+00,-1.053543E+00
+3.830090E+01,+3.414477E+00,-1.053528E+00
+3.834210E+01,+3.414477E+00,-1.053493E+00
+3.838340E+01,+3.414468E+00,-1.053479E+00
+3.842460E+01,+3.414465E+00,-1.053384E+00
+3.846580E+01,+3.414468E+00,-1.053439E+00
+3.850710E+01,+3.414433E+00,-1.053421E+00
+3.854830E+01,+3.414431E+00,-1.053393E+00
+3.858950E+01,+3.414422E+00,-1.053372E+00
+3.863070E+01,+3.414416E+00,-1.053355E+00
+3.867200E+01,+3.414412E+00,-1.053319E+00
+3.871320E+01,+3.414392E+00,-1.053311E+00
+3.875440E+01,+3.414376E+00,-1.053301E+00
+3.879560E+01,+3.414375E+00,-1.053273E+00
+3.883680E+01,+3.414363E+00,-1.053242E+00
+3.887800E+01,+3.414354E+00,-1.053212E+00
+3.891930E+01,+3.414340E+00,-1.053240E+00
+3.896050E+01,+3.414325E+00,-1.053233E+00
+3.900170E+01,+3.414331E+00,-1.053206E+00
+3.904300E+01,+3.414323E+00,-1.053189E+00
+3.908420E+01,+3.414291E+00,-1.053201E+00
+3.912540E+01,+3.414300E+00,-1.053085E+00
+3.916670E+01,+3.414308E+00,-1.053114E+00
+3.920790E+01,+3.414284E+00,-1.053163E+00
+3.924920E+01,+3.414251E+00,-1.053165E+00
+3.929040E+01,+3.414231E+00,-1.053146E+00
+3.933160E+01,+3.414225E+00,-1.053152E+00
+3.937290E+01,+3.414225E+00,-1.053139E+00
+3.941410E+01,+3.414206E+00,-1.053116E+00
+3.945530E+01,+3.414198E+00,-1.053112E+00
+3.949660E+01,+3.414200E+00,-1.053046E+00
+3.953780E+01,+3.414198E+00,-1.053062E+00
+3.957910E+01,+3.414179E+00,-1.053049E+00
+3.962030E+01,+3.414158E+00,-1.053106E+00
+3.966160E+01,+3.414135E+00,-1.053089E+00
+3.970280E+01,+3.414135E+00,-1.053040E+00
+3.974400E+01,+3.414111E+00,-1.053055E+00
+3.978530E+01,+3.414115E+00,-1.053003E+00
+3.982650E+01,+3.414107E+00,-1.052944E+00
+3.986770E+01,+3.414109E+00,-1.052937E+00
+3.990900E+01,+3.414088E+00,-1.052916E+00
+3.995020E+01,+3.414088E+00,-1.052926E+00
+3.999140E+01,+3.414066E+00,-1.052918E+00
+4.003270E+01,+3.414052E+00,-1.052897E+00
+4.007390E+01,+3.414043E+00,-1.052884E+00
+4.011510E+01,+3.414045E+00,-1.052855E+00
+4.015630E+01,+3.414035E+00,-1.052824E+00
+4.019760E+01,+3.414026E+00,-1.052812E+00
+4.023880E+01,+3.414001E+00,-1.052804E+00
+4.028000E+01,+3.413997E+00,-1.052788E+00
+4.032120E+01,+3.413999E+00,-1.052765E+00
+4.036240E+01,+3.413994E+00,-1.052758E+00
+4.040360E+01,+3.413965E+00,-1.052758E+00
+4.044480E+01,+3.413963E+00,-1.052729E+00
+4.048610E+01,+3.413957E+00,-1.052720E+00
+4.052730E+01,+3.413950E+00,-1.052710E+00
+4.056850E+01,+3.413933E+00,-1.052676E+00
+4.060970E+01,+3.413927E+00,-1.052633E+00
+4.065090E+01,+3.413923E+00,-1.052607E+00
+4.069210E+01,+3.413912E+00,-1.052577E+00
+4.073330E+01,+3.413903E+00,-1.052589E+00
+4.077450E+01,+3.413891E+00,-1.052534E+00
+4.081570E+01,+3.413893E+00,-1.052518E+00
+4.085690E+01,+3.413872E+00,-1.052505E+00
+4.089810E+01,+3.413874E+00,-1.052470E+00
+4.093940E+01,+3.413874E+00,-1.052423E+00
+4.098050E+01,+3.413853E+00,-1.052397E+00
+4.102180E+01,+3.413853E+00,-1.052361E+00
+4.106300E+01,+3.413843E+00,-1.052348E+00
+4.110420E+01,+3.413829E+00,-1.052328E+00
+4.114540E+01,+3.413830E+00,-1.052320E+00
+4.118660E+01,+3.413819E+00,-1.052315E+00
+4.122780E+01,+3.413817E+00,-1.052288E+00
+4.128990E+01,+3.413774E+00,-1.052261E+00
+4.133110E+01,+3.413787E+00,-1.052244E+00
+4.137230E+01,+3.413771E+00,-1.052231E+00
+4.141350E+01,+3.413771E+00,-1.052208E+00
+4.145480E+01,+3.413745E+00,-1.052205E+00
+4.149600E+01,+3.413741E+00,-1.052193E+00
+4.153730E+01,+3.413735E+00,-1.052176E+00
+4.157850E+01,+3.413715E+00,-1.052168E+00
+4.161970E+01,+3.413705E+00,-1.052140E+00
+4.166100E+01,+3.413696E+00,-1.052118E+00
+4.170220E+01,+3.413690E+00,-1.052109E+00
+4.174350E+01,+3.413686E+00,-1.052103E+00
+4.178470E+01,+3.413677E+00,-1.052069E+00
+4.182590E+01,+3.413684E+00,-1.051984E+00
+4.186720E+01,+3.413667E+00,-1.052016E+00
+4.190840E+01,+3.413643E+00,-1.052036E+00
+4.194960E+01,+3.413633E+00,-1.052044E+00
+4.199090E+01,+3.413624E+00,-1.051999E+00
+4.203210E+01,+3.413627E+00,-1.051976E+00
+4.207330E+01,+3.413609E+00,-1.051966E+00
+4.211460E+01,+3.413606E+00,-1.051974E+00
+4.215580E+01,+3.413586E+00,-1.051951E+00
+4.219700E+01,+3.413582E+00,-1.051911E+00
+4.223830E+01,+3.413574E+00,-1.051885E+00
+4.227950E+01,+3.413573E+00,-1.051851E+00
+4.232070E+01,+3.413561E+00,-1.051807E+00
+4.236200E+01,+3.413557E+00,-1.051801E+00
+4.240320E+01,+3.413553E+00,-1.051773E+00
+4.244450E+01,+3.413542E+00,-1.051763E+00
+4.248570E+01,+3.413538E+00,-1.051744E+00
+4.252690E+01,+3.413531E+00,-1.051721E+00
+4.256810E+01,+3.413517E+00,-1.051672E+00
+4.260940E+01,+3.413517E+00,-1.051669E+00
+4.265060E+01,+3.413493E+00,-1.051676E+00
+4.269180E+01,+3.413491E+00,-1.051652E+00
+4.273310E+01,+3.413483E+00,-1.051610E+00
+4.277430E+01,+3.413465E+00,-1.051620E+00
+4.281550E+01,+3.413459E+00,-1.051630E+00
+4.285680E+01,+3.413447E+00,-1.051606E+00
+4.289800E+01,+3.413444E+00,-1.051564E+00
+4.293920E+01,+3.413436E+00,-1.051537E+00
+4.298040E+01,+3.413415E+00,-1.051489E+00
+4.302170E+01,+3.413430E+00,-1.051492E+00
+4.306290E+01,+3.413409E+00,-1.051538E+00
+4.310410E+01,+3.413402E+00,-1.051492E+00
+4.314540E+01,+3.413373E+00,-1.051548E+00
+4.318660E+01,+3.413369E+00,-1.051559E+00
+4.322780E+01,+3.413354E+00,-1.051514E+00
+4.326910E+01,+3.413343E+00,-1.051486E+00
+4.331030E+01,+3.413339E+00,-1.051477E+00
+4.335150E+01,+3.413326E+00,-1.051468E+00
+4.339280E+01,+3.413318E+00,-1.051476E+00
+4.343400E+01,+3.413301E+00,-1.051454E+00
+4.347530E+01,+3.413288E+00,-1.051434E+00
+4.351650E+01,+3.413277E+00,-1.051413E+00
+4.355770E+01,+3.413271E+00,-1.051406E+00
+4.359900E+01,+3.413258E+00,-1.051400E+00
+4.364020E+01,+3.413261E+00,-1.051370E+00
+4.368140E+01,+3.413243E+00,-1.051343E+00
+4.372270E+01,+3.413252E+00,-1.051309E+00
+4.376390E+01,+3.413237E+00,-1.051305E+00
+4.380520E+01,+3.413233E+00,-1.051270E+00
+4.384640E+01,+3.413214E+00,-1.051268E+00
+4.388760E+01,+3.413220E+00,-1.051220E+00
+4.392890E+01,+3.413212E+00,-1.051194E+00
+4.397010E+01,+3.413210E+00,-1.051173E+00
+4.401130E+01,+3.413188E+00,-1.051166E+00
+4.405260E+01,+3.413184E+00,-1.051152E+00
+4.409380E+01,+3.413178E+00,-1.051069E+00
+4.413510E+01,+3.413172E+00,-1.051136E+00
+4.417630E+01,+3.413152E+00,-1.051124E+00
+4.421750E+01,+3.413135E+00,-1.051093E+00
+4.425880E+01,+3.413140E+00,-1.051078E+00
+4.430000E+01,+3.413127E+00,-1.051069E+00
+4.434120E+01,+3.413121E+00,-1.051097E+00
+4.438250E+01,+3.413096E+00,-1.051081E+00
+4.442370E+01,+3.413091E+00,-1.051028E+00
+4.446490E+01,+3.413091E+00,-1.051010E+00
+4.450610E+01,+3.413068E+00,-1.051014E+00
+4.454740E+01,+3.413074E+00,-1.050987E+00
+4.458860E+01,+3.413059E+00,-1.050953E+00
+4.462980E+01,+3.413051E+00,-1.050949E+00
+4.467110E+01,+3.413043E+00,-1.050936E+00
+4.471230E+01,+3.413032E+00,-1.050930E+00
+4.475350E+01,+3.413019E+00,-1.050903E+00
+4.479480E+01,+3.413004E+00,-1.050901E+00
+4.483600E+01,+3.413007E+00,-1.050850E+00
+4.487720E+01,+3.412994E+00,-1.050837E+00
+4.491850E+01,+3.412992E+00,-1.050790E+00
+4.495970E+01,+3.412987E+00,-1.050740E+00
+4.500090E+01,+3.412992E+00,-1.050678E+00
+4.504220E+01,+3.412985E+00,-1.050676E+00
+4.508340E+01,+3.412981E+00,-1.050695E+00
+4.512460E+01,+3.412954E+00,-1.050672E+00
+4.516590E+01,+3.412964E+00,-1.050573E+00
+4.520710E+01,+3.412956E+00,-1.050547E+00
+4.524830E+01,+3.412962E+00,-1.050483E+00
+4.528950E+01,+3.412954E+00,-1.050469E+00
+4.533080E+01,+3.412935E+00,-1.050458E+00
+4.537200E+01,+3.412928E+00,-1.050456E+00
+4.541320E+01,+3.412926E+00,-1.050449E+00
+4.545440E+01,+3.412907E+00,-1.050437E+00
+4.549560E+01,+3.412894E+00,-1.050467E+00
+4.553690E+01,+3.412888E+00,-1.050494E+00
+4.557810E+01,+3.412863E+00,-1.050503E+00
+4.561930E+01,+3.412856E+00,-1.050468E+00
+4.566060E+01,+3.412850E+00,-1.050450E+00
+4.570180E+01,+3.412837E+00,-1.050446E+00
+4.574300E+01,+3.412829E+00,-1.050415E+00
+4.578430E+01,+3.412816E+00,-1.050377E+00
+4.582550E+01,+3.412835E+00,-1.050327E+00
+4.586680E+01,+3.412812E+00,-1.050334E+00
+4.590800E+01,+3.412807E+00,-1.050293E+00
+4.594920E+01,+3.412793E+00,-1.050339E+00
+4.599050E+01,+3.412771E+00,-1.050339E+00
+4.603170E+01,+3.412763E+00,-1.050352E+00
+4.607300E+01,+3.412746E+00,-1.050321E+00
+4.611420E+01,+3.412751E+00,-1.050228E+00
+4.615540E+01,+3.412750E+00,-1.050260E+00
+4.619670E+01,+3.412729E+00,-1.050279E+00
+4.623790E+01,+3.412715E+00,-1.050257E+00
+4.627910E+01,+3.412700E+00,-1.050248E+00
+4.632040E+01,+3.412699E+00,-1.050238E+00
+4.636160E+01,+3.412702E+00,-1.050190E+00
+4.640280E+01,+3.412697E+00,-1.050194E+00
+4.644400E+01,+3.412664E+00,-1.050205E+00
+4.648530E+01,+3.412664E+00,-1.050207E+00
+4.652650E+01,+3.412651E+00,-1.050149E+00
+4.656770E+01,+3.412653E+00,-1.050110E+00
+4.660890E+01,+3.412645E+00,-1.050070E+00
+4.665010E+01,+3.412645E+00,-1.050080E+00
+4.669130E+01,+3.412630E+00,-1.050031E+00
+4.673250E+01,+3.412622E+00,-1.050049E+00
+4.677380E+01,+3.412606E+00,-1.050063E+00
+4.681500E+01,+3.412598E+00,-1.050038E+00
+4.685620E+01,+3.412589E+00,-1.050053E+00
+4.689740E+01,+3.412577E+00,-1.050017E+00
+4.693860E+01,+3.412558E+00,-1.049992E+00
+4.697980E+01,+3.412550E+00,-1.050025E+00
+4.702100E+01,+3.412545E+00,-1.050018E+00
+4.706220E+01,+3.412537E+00,-1.049989E+00
+4.710340E+01,+3.412532E+00,-1.049971E+00
+4.714470E+01,+3.412520E+00,-1.049949E+00
+4.718590E+01,+3.412514E+00,-1.049920E+00
+4.722710E+01,+3.412484E+00,-1.049916E+00
+4.726830E+01,+3.412490E+00,-1.049928E+00
+4.730950E+01,+3.412473E+00,-1.049939E+00
+4.735070E+01,+3.412465E+00,-1.049950E+00
+4.739190E+01,+3.412457E+00,-1.049941E+00
+4.743310E+01,+3.412448E+00,-1.049913E+00
+4.747430E+01,+3.412439E+00,-1.049882E+00
+4.751550E+01,+3.412444E+00,-1.049841E+00
+4.755670E+01,+3.412429E+00,-1.049837E+00
+4.759790E+01,+3.412420E+00,-1.049852E+00
+4.763910E+01,+3.412397E+00,-1.049826E+00
+4.768030E+01,+3.412397E+00,-1.049794E+00
+4.772150E+01,+3.412393E+00,-1.049803E+00
+4.776270E+01,+3.412384E+00,-1.049792E+00
+4.780390E+01,+3.412382E+00,-1.049743E+00
+4.784510E+01,+3.412380E+00,-1.049654E+00
+4.788630E+01,+3.412363E+00,-1.049718E+00
+4.792750E+01,+3.412340E+00,-1.049697E+00
+4.796880E+01,+3.412346E+00,-1.049595E+00
+4.801000E+01,+3.412346E+00,-1.049601E+00
+4.805120E+01,+3.412334E+00,-1.049509E+00
+4.809250E+01,+3.412355E+00,-1.049498E+00
+4.813370E+01,+3.412327E+00,-1.049536E+00
+4.817500E+01,+3.412293E+00,-1.049546E+00
+4.821620E+01,+3.412297E+00,-1.049577E+00
+4.825740E+01,+3.412272E+00,-1.049610E+00
+4.829870E+01,+3.412264E+00,-1.049598E+00
+4.833990E+01,+3.412262E+00,-1.049558E+00
+4.838110E+01,+3.412258E+00,-1.049566E+00
+4.842240E+01,+3.412228E+00,-1.049557E+00
+4.846360E+01,+3.412238E+00,-1.049500E+00
+4.850490E+01,+3.412211E+00,-1.049512E+00
+4.854610E+01,+3.412219E+00,-1.049519E+00
+4.858740E+01,+3.412198E+00,-1.049518E+00
+4.862860E+01,+3.412177E+00,-1.049482E+00
+4.866980E+01,+3.412186E+00,-1.049455E+00
+4.871110E+01,+3.412173E+00,-1.049430E+00
+4.875210E+01,+3.412175E+00,-1.049428E+00
+4.879330E+01,+3.412156E+00,-1.049399E+00
+4.883460E+01,+3.412164E+00,-1.049374E+00
+4.887580E+01,+3.412160E+00,-1.049366E+00
+4.891700E+01,+3.412147E+00,-1.049347E+00
+4.895830E+01,+3.412145E+00,-1.049361E+00
+4.899950E+01,+3.412116E+00,-1.049387E+00
+4.904070E+01,+3.412093E+00,-1.049367E+00
+4.908200E+01,+3.412088E+00,-1.049370E+00
+4.912320E+01,+3.412084E+00,-1.049362E+00
+4.916440E+01,+3.412082E+00,-1.049341E+00
+4.920570E+01,+3.412069E+00,-1.049317E+00
+4.924690E+01,+3.412067E+00,-1.049321E+00
+4.928810E+01,+3.412039E+00,-1.049286E+00
+4.932940E+01,+3.412044E+00,-1.049264E+00
+4.937060E+01,+3.412037E+00,-1.049240E+00
+4.941180E+01,+3.412025E+00,-1.049223E+00
+4.945300E+01,+3.412018E+00,-1.049177E+00
+4.949430E+01,+3.412021E+00,-1.049139E+00
+4.953550E+01,+3.412020E+00,-1.049138E+00
+4.957670E+01,+3.412003E+00,-1.049121E+00
+4.961790E+01,+3.412001E+00,-1.049086E+00
+4.965920E+01,+3.412003E+00,-1.049086E+00
+4.970040E+01,+3.411991E+00,-1.049047E+00
+4.974160E+01,+3.411978E+00,-1.049027E+00
+4.978290E+01,+3.411970E+00,-1.048992E+00
+4.982410E+01,+3.411967E+00,-1.048980E+00
+4.986530E+01,+3.411944E+00,-1.048984E+00
+4.990650E+01,+3.411944E+00,-1.048952E+00
+4.994770E+01,+3.411931E+00,-1.048950E+00
+4.998900E+01,+3.411934E+00,-1.048966E+00
+5.003020E+01,+3.411913E+00,-1.048965E+00
+5.007140E+01,+3.411910E+00,-1.048948E+00
+5.011260E+01,+3.411891E+00,-1.048962E+00
+5.015390E+01,+3.411881E+00,-1.048910E+00
+5.019510E+01,+3.411891E+00,-1.048885E+00
+5.023630E+01,+3.411864E+00,-1.048907E+00
+5.027760E+01,+3.411856E+00,-1.048883E+00
+5.031880E+01,+3.411868E+00,-1.048852E+00
+5.036000E+01,+3.411855E+00,-1.048833E+00
+5.040130E+01,+3.411839E+00,-1.048815E+00
+5.044250E+01,+3.411847E+00,-1.048778E+00
+5.048380E+01,+3.411834E+00,-1.048756E+00
+5.052500E+01,+3.411813E+00,-1.048738E+00
+5.056620E+01,+3.411809E+00,-1.048729E+00
+5.060750E+01,+3.411800E+00,-1.048701E+00
+5.064870E+01,+3.411792E+00,-1.048694E+00
+5.069000E+01,+3.411794E+00,-1.048685E+00
+5.073120E+01,+3.411784E+00,-1.048639E+00
+5.077250E+01,+3.411779E+00,-1.048637E+00
+5.081370E+01,+3.411764E+00,-1.048614E+00
+5.085490E+01,+3.411766E+00,-1.048613E+00
+5.089620E+01,+3.411752E+00,-1.048596E+00
+5.093740E+01,+3.411743E+00,-1.048597E+00
+5.097870E+01,+3.411743E+00,-1.048575E+00
+5.101990E+01,+3.411747E+00,-1.048551E+00
+5.106110E+01,+3.411722E+00,-1.048515E+00
+5.110240E+01,+3.411716E+00,-1.048497E+00
+5.114360E+01,+3.411694E+00,-1.048400E+00
+5.118480E+01,+3.411731E+00,-1.048429E+00
+5.122610E+01,+3.411699E+00,-1.048434E+00
+5.126730E+01,+3.411690E+00,-1.048472E+00
+5.130860E+01,+3.411665E+00,-1.048494E+00
+5.134980E+01,+3.411655E+00,-1.048492E+00
+5.139100E+01,+3.411652E+00,-1.048482E+00
+5.143230E+01,+3.411648E+00,-1.048475E+00
+5.147350E+01,+3.411629E+00,-1.048466E+00
+5.151470E+01,+3.411619E+00,-1.048453E+00
+5.155590E+01,+3.411612E+00,-1.048435E+00
+5.159720E+01,+3.411623E+00,-1.048355E+00
+5.163840E+01,+3.411606E+00,-1.048417E+00
+5.167960E+01,+3.411591E+00,-1.048437E+00
+5.172090E+01,+3.411570E+00,-1.048409E+00
+5.176210E+01,+3.411565E+00,-1.048439E+00
+5.180330E+01,+3.411557E+00,-1.048417E+00
+5.184460E+01,+3.411551E+00,-1.048396E+00
+5.188580E+01,+3.411538E+00,-1.048302E+00
+5.192700E+01,+3.411559E+00,-1.048344E+00
+5.196820E+01,+3.411529E+00,-1.048368E+00
+5.200950E+01,+3.411511E+00,-1.048337E+00
+5.205070E+01,+3.411519E+00,-1.048291E+00
+5.209190E+01,+3.411521E+00,-1.048272E+00
+5.213320E+01,+3.411517E+00,-1.048239E+00
+5.217440E+01,+3.411494E+00,-1.048201E+00
+5.221560E+01,+3.411506E+00,-1.048179E+00
+5.225680E+01,+3.411494E+00,-1.048156E+00
+5.229810E+01,+3.411500E+00,-1.048123E+00
+5.233930E+01,+3.411479E+00,-1.048180E+00
+5.238050E+01,+3.411462E+00,-1.048168E+00
+5.242170E+01,+3.411445E+00,-1.048139E+00
+5.246290E+01,+3.411447E+00,-1.048141E+00
+5.250420E+01,+3.411432E+00,-1.048141E+00
+5.254540E+01,+3.411422E+00,-1.048134E+00
+5.258660E+01,+3.411415E+00,-1.048108E+00
+5.262780E+01,+3.411417E+00,-1.048097E+00
+5.266900E+01,+3.411411E+00,-1.048085E+00
+5.271030E+01,+3.411400E+00,-1.048010E+00
+5.275150E+01,+3.411392E+00,-1.048006E+00
+5.279270E+01,+3.411403E+00,-1.048013E+00
+5.283400E+01,+3.411377E+00,-1.047984E+00
+5.287520E+01,+3.411364E+00,-1.047939E+00
+5.291650E+01,+3.411358E+00,-1.047920E+00
+5.295770E+01,+3.411364E+00,-1.047898E+00
+5.299890E+01,+3.411354E+00,-1.047882E+00
+5.304020E+01,+3.411364E+00,-1.047768E+00
+5.308140E+01,+3.411356E+00,-1.047758E+00
+5.312260E+01,+3.411343E+00,-1.047726E+00
+5.316390E+01,+3.411341E+00,-1.047707E+00
+5.320510E+01,+3.411337E+00,-1.047698E+00
+5.324630E+01,+3.411341E+00,-1.047667E+00
+5.328760E+01,+3.411320E+00,-1.047701E+00
+5.332880E+01,+3.411313E+00,-1.047742E+00
+5.337010E+01,+3.411274E+00,-1.047726E+00
+5.341130E+01,+3.411288E+00,-1.047703E+00
+5.345250E+01,+3.411277E+00,-1.047693E+00
+5.349380E+01,+3.411263E+00,-1.047642E+00
+5.353500E+01,+3.411259E+00,-1.047702E+00
+5.357620E+01,+3.411248E+00,-1.047712E+00
+5.361750E+01,+3.411229E+00,-1.047683E+00
+5.365870E+01,+3.411229E+00,-1.047670E+00
+5.369990E+01,+3.411217E+00,-1.047676E+00
+5.374120E+01,+3.411197E+00,-1.047701E+00
+5.378240E+01,+3.411191E+00,-1.047697E+00
+5.382360E+01,+3.411181E+00,-1.047714E+00
+5.386480E+01,+3.411166E+00,-1.047712E+00
+5.390610E+01,+3.411155E+00,-1.047661E+00
+5.394730E+01,+3.411155E+00,-1.047708E+00
+5.398850E+01,+3.411130E+00,-1.047718E+00
+5.402980E+01,+3.411123E+00,-1.047702E+00
+5.407100E+01,+3.411121E+00,-1.047674E+00
+5.411220E+01,+3.411112E+00,-1.047674E+00
+5.415340E+01,+3.411094E+00,-1.047658E+00
+5.419470E+01,+3.411094E+00,-1.047659E+00
+5.423590E+01,+3.411085E+00,-1.047670E+00
+5.427710E+01,+3.411072E+00,-1.047659E+00
+5.431840E+01,+3.411057E+00,-1.047681E+00
+5.435960E+01,+3.411040E+00,-1.047661E+00
+5.440080E+01,+3.411026E+00,-1.047680E+00
+5.444200E+01,+3.411011E+00,-1.047691E+00
+5.448330E+01,+3.411001E+00,-1.047682E+00
+5.452450E+01,+3.410990E+00,-1.047693E+00
+5.456570E+01,+3.410980E+00,-1.047711E+00
+5.460690E+01,+3.410969E+00,-1.047720E+00
+5.464810E+01,+3.410956E+00,-1.047716E+00
+5.468940E+01,+3.410958E+00,-1.047688E+00
+5.473060E+01,+3.410947E+00,-1.047675E+00
+5.477180E+01,+3.410944E+00,-1.047656E+00
+5.481300E+01,+3.410937E+00,-1.047658E+00
+5.485430E+01,+3.410922E+00,-1.047650E+00
+5.489550E+01,+3.410916E+00,-1.047651E+00
+5.493670E+01,+3.410893E+00,-1.047660E+00
+5.497800E+01,+3.410888E+00,-1.047666E+00
+5.501920E+01,+3.410880E+00,-1.047636E+00
+5.506040E+01,+3.410867E+00,-1.047627E+00
+5.510170E+01,+3.410861E+00,-1.047612E+00
+5.514290E+01,+3.410846E+00,-1.047625E+00
+5.518410E+01,+3.410833E+00,-1.047593E+00
+5.522540E+01,+3.410835E+00,-1.047586E+00
+5.526660E+01,+3.410831E+00,-1.047598E+00
+5.530780E+01,+3.410821E+00,-1.047572E+00
+5.534910E+01,+3.410808E+00,-1.047555E+00
+5.539030E+01,+3.410816E+00,-1.047559E+00
+5.543150E+01,+3.410795E+00,-1.047530E+00
+5.547270E+01,+3.410791E+00,-1.047516E+00
+5.551390E+01,+3.410785E+00,-1.047490E+00
+5.555510E+01,+3.410785E+00,-1.047471E+00
+5.559640E+01,+3.410768E+00,-1.047465E+00
+5.563760E+01,+3.410774E+00,-1.047465E+00
+5.567880E+01,+3.410755E+00,-1.047438E+00
+5.572000E+01,+3.410749E+00,-1.047407E+00
+5.576120E+01,+3.410728E+00,-1.047415E+00
+5.580240E+01,+3.410725E+00,-1.047427E+00
+5.584360E+01,+3.410702E+00,-1.047461E+00
+5.588480E+01,+3.410702E+00,-1.047482E+00
+5.592600E+01,+3.410679E+00,-1.047450E+00
+5.596720E+01,+3.410687E+00,-1.047439E+00
+5.600850E+01,+3.410681E+00,-1.047407E+00
+5.604970E+01,+3.410679E+00,-1.047399E+00
+5.609090E+01,+3.410664E+00,-1.047427E+00
+5.613210E+01,+3.410647E+00,-1.047370E+00
+5.617330E+01,+3.410666E+00,-1.047361E+00
+5.621450E+01,+3.410643E+00,-1.047334E+00
+5.625570E+01,+3.410647E+00,-1.047372E+00
+5.629690E+01,+3.410603E+00,-1.047467E+00
+5.633810E+01,+3.410599E+00,-1.047421E+00
+5.637930E+01,+3.410599E+00,-1.047404E+00
+5.642050E+01,+3.410577E+00,-1.047396E+00
+5.646170E+01,+3.410563E+00,-1.047390E+00
+5.650290E+01,+3.410558E+00,-1.047354E+00
+5.654410E+01,+3.410560E+00,-1.047324E+00
+5.658540E+01,+3.410563E+00,-1.047299E+00
+5.662660E+01,+3.410558E+00,-1.047257E+00
+5.666780E+01,+3.410541E+00,-1.047218E+00
+5.670900E+01,+3.410547E+00,-1.047249E+00
+5.675020E+01,+3.410533E+00,-1.047218E+00
+5.679140E+01,+3.410529E+00,-1.047178E+00
+5.683260E+01,+3.410527E+00,-1.047140E+00
+5.687380E+01,+3.410520E+00,-1.047116E+00
+5.691500E+01,+3.410526E+00,-1.047078E+00
+5.695620E+01,+3.410518E+00,-1.047036E+00
+5.699740E+01,+3.410514E+00,-1.046996E+00
+5.703860E+01,+3.410514E+00,-1.046979E+00
+5.707990E+01,+3.410508E+00,-1.046977E+00
+5.712110E+01,+3.410482E+00,-1.046934E+00
+5.716230E+01,+3.410484E+00,-1.046906E+00
+5.720350E+01,+3.410480E+00,-1.046898E+00
+5.724470E+01,+3.410467E+00,-1.046883E+00
+5.728600E+01,+3.410461E+00,-1.046856E+00
+5.732720E+01,+3.410467E+00,-1.046841E+00
+5.736840E+01,+3.410450E+00,-1.046804E+00
+5.740970E+01,+3.410444E+00,-1.046813E+00
+5.745090E+01,+3.410433E+00,-1.046816E+00
+5.749210E+01,+3.410431E+00,-1.046815E+00
+5.753340E+01,+3.410418E+00,-1.046795E+00
+5.757460E+01,+3.410419E+00,-1.046770E+00
+5.761590E+01,+3.410400E+00,-1.046756E+00
+5.765710E+01,+3.410397E+00,-1.046726E+00
+5.769830E+01,+3.410385E+00,-1.046706E+00
+5.773960E+01,+3.410382E+00,-1.046691E+00
+5.778080E+01,+3.410385E+00,-1.046666E+00
+5.782210E+01,+3.410383E+00,-1.046664E+00
+5.786330E+01,+3.410349E+00,-1.046662E+00
+5.790450E+01,+3.410342E+00,-1.046648E+00
+5.794580E+01,+3.410355E+00,-1.046609E+00
+5.798700E+01,+3.410347E+00,-1.046574E+00
+5.802820E+01,+3.410353E+00,-1.046539E+00
+5.806950E+01,+3.410357E+00,-1.046503E+00
+5.811070E+01,+3.410336E+00,-1.046484E+00
+5.815200E+01,+3.410338E+00,-1.046472E+00
+5.819320E+01,+3.410330E+00,-1.046431E+00
+5.823450E+01,+3.410323E+00,-1.046443E+00
+5.827570E+01,+3.410287E+00,-1.046474E+00
+5.831700E+01,+3.410300E+00,-1.046436E+00
+5.835820E+01,+3.410285E+00,-1.046412E+00
+5.839950E+01,+3.410275E+00,-1.046427E+00
+5.844070E+01,+3.410279E+00,-1.046327E+00
+5.848190E+01,+3.410281E+00,-1.046371E+00
+5.852320E+01,+3.410256E+00,-1.046382E+00
+5.856440E+01,+3.410256E+00,-1.046352E+00
+5.860560E+01,+3.410253E+00,-1.046259E+00
+5.864690E+01,+3.410253E+00,-1.046235E+00
+5.868810E+01,+3.410245E+00,-1.046206E+00
+5.872940E+01,+3.410245E+00,-1.046216E+00
+5.877060E+01,+3.410233E+00,-1.046163E+00
+5.881180E+01,+3.410226E+00,-1.046224E+00
+5.885300E+01,+3.410205E+00,-1.046268E+00
+5.889430E+01,+3.410188E+00,-1.046230E+00
+5.893550E+01,+3.410186E+00,-1.046185E+00
+5.897680E+01,+3.410196E+00,-1.046177E+00
+5.901800E+01,+3.410171E+00,-1.046167E+00
+5.905920E+01,+3.410173E+00,-1.046151E+00
+5.910040E+01,+3.410160E+00,-1.046191E+00
+5.914170E+01,+3.410148E+00,-1.046177E+00
+5.918290E+01,+3.410129E+00,-1.046147E+00
+5.922410E+01,+3.410124E+00,-1.046120E+00
+5.926540E+01,+3.410127E+00,-1.046096E+00
+5.930660E+01,+3.410133E+00,-1.046052E+00
+5.934780E+01,+3.410120E+00,-1.046005E+00
+5.938900E+01,+3.410109E+00,-1.045989E+00
+5.943030E+01,+3.410109E+00,-1.045980E+00
+5.947150E+01,+3.410105E+00,-1.045992E+00
+5.951270E+01,+3.410084E+00,-1.046008E+00
+5.955400E+01,+3.410078E+00,-1.046003E+00
+5.959520E+01,+3.410059E+00,-1.045999E+00
+5.963640E+01,+3.410052E+00,-1.045972E+00
+5.967770E+01,+3.410057E+00,-1.045961E+00
+5.971890E+01,+3.410037E+00,-1.045959E+00
+5.976010E+01,+3.410017E+00,-1.045952E+00
+5.980130E+01,+3.410014E+00,-1.045965E+00
+5.984260E+01,+3.410016E+00,-1.045971E+00
+5.988380E+01,+3.409989E+00,-1.045971E+00
+5.992500E+01,+3.410008E+00,-1.045886E+00
+5.996630E+01,+3.409989E+00,-1.045944E+00
+6.000750E+01,+3.409977E+00,-1.045918E+00
+6.004870E+01,+3.409980E+00,-1.045872E+00
+6.008990E+01,+3.409955E+00,-1.045963E+00
+6.013120E+01,+3.409936E+00,-1.045975E+00
+6.017240E+01,+3.409926E+00,-1.045961E+00
+6.021370E+01,+3.409923E+00,-1.045941E+00
+6.025490E+01,+3.409909E+00,-1.045937E+00
+6.029620E+01,+3.409904E+00,-1.045929E+00
+6.033740E+01,+3.409890E+00,-1.045884E+00
+6.037860E+01,+3.409904E+00,-1.045833E+00
+6.041990E+01,+3.409885E+00,-1.045823E+00
+6.046110E+01,+3.409860E+00,-1.045887E+00
+6.050240E+01,+3.409856E+00,-1.045876E+00
+6.054360E+01,+3.409858E+00,-1.045864E+00
+6.058480E+01,+3.409849E+00,-1.045874E+00
+6.062610E+01,+3.409836E+00,-1.045845E+00
+6.066730E+01,+3.409836E+00,-1.045825E+00
+6.070850E+01,+3.409830E+00,-1.045839E+00
+6.074980E+01,+3.409815E+00,-1.045841E+00
+6.079100E+01,+3.409815E+00,-1.045835E+00
+6.083230E+01,+3.409803E+00,-1.045830E+00
+6.087350E+01,+3.409790E+00,-1.045825E+00
+6.091470E+01,+3.409777E+00,-1.045815E+00
+6.095600E+01,+3.409761E+00,-1.045767E+00
+6.099720E+01,+3.409763E+00,-1.045781E+00
+6.103840E+01,+3.409765E+00,-1.045755E+00
+6.107970E+01,+3.409761E+00,-1.045688E+00
+6.112090E+01,+3.409765E+00,-1.045676E+00
+6.116210E+01,+3.409746E+00,-1.045697E+00
+6.120340E+01,+3.409727E+00,-1.045679E+00
+6.124460E+01,+3.409733E+00,-1.045651E+00
+6.128580E+01,+3.409727E+00,-1.045632E+00
+6.132710E+01,+3.409722E+00,-1.045610E+00
+6.136830E+01,+3.409712E+00,-1.045619E+00
+6.140950E+01,+3.409695E+00,-1.045620E+00
+6.145080E+01,+3.409695E+00,-1.045608E+00
+6.149200E+01,+3.409680E+00,-1.045597E+00
+6.153320E+01,+3.409672E+00,-1.045576E+00
+6.157450E+01,+3.409665E+00,-1.045569E+00
+6.161570E+01,+3.409653E+00,-1.045563E+00
+6.165690E+01,+3.409653E+00,-1.045559E+00
+6.169820E+01,+3.409648E+00,-1.045567E+00
+6.173940E+01,+3.409632E+00,-1.045553E+00
+6.178060E+01,+3.409629E+00,-1.045557E+00
+6.182180E+01,+3.409608E+00,-1.045536E+00
+6.186310E+01,+3.409599E+00,-1.045546E+00
+6.190430E+01,+3.409599E+00,-1.045526E+00
+6.194550E+01,+3.409578E+00,-1.045551E+00
+6.198670E+01,+3.409583E+00,-1.045529E+00
+6.202800E+01,+3.409576E+00,-1.045531E+00
+6.206920E+01,+3.409572E+00,-1.045514E+00
+6.211040E+01,+3.409564E+00,-1.045491E+00
+6.215170E+01,+3.409562E+00,-1.045470E+00
+6.219290E+01,+3.409551E+00,-1.045445E+00
+6.223410E+01,+3.409523E+00,-1.045425E+00
+6.227530E+01,+3.409544E+00,-1.045409E+00
+6.231660E+01,+3.409523E+00,-1.045400E+00
+6.235780E+01,+3.409513E+00,-1.045391E+00
+6.239900E+01,+3.409511E+00,-1.045358E+00
+6.244020E+01,+3.409506E+00,-1.045346E+00
+6.248150E+01,+3.409490E+00,-1.045339E+00
+6.252270E+01,+3.409488E+00,-1.045328E+00
+6.256390E+01,+3.409488E+00,-1.045313E+00
+6.260510E+01,+3.409460E+00,-1.045272E+00
+6.264640E+01,+3.409467E+00,-1.045280E+00
+6.268760E+01,+3.409462E+00,-1.045194E+00
+6.272880E+01,+3.409490E+00,-1.045194E+00
+6.277000E+01,+3.409451E+00,-1.045180E+00
+6.281130E+01,+3.409470E+00,-1.045170E+00
